/run/soglia-uninstall-uninstall-20261001T092201Z-9500-fresh-host	/sys/fs/bpf/soglia-uninstall-uninstall-20261001T092201Z-9500-fresh-host	/sys/fs/cgroup/soglia-uninstall-uninstall-20261001T092201Z-9500-fresh-host	/var/tmp/soglia-uninstall-uninstall-20261001T092201Z-9500-fresh-host-rootfs
/run/soglia-uninstall-uninstall-20261001T092201Z-9500-interrupted-startup-pin-root	/sys/fs/bpf/soglia-uninstall-uninstall-20261001T092201Z-9500-interrupted-startup-pin-root	/sys/fs/cgroup/soglia-uninstall-uninstall-20261001T092201Z-9500-interrupted-startup-pin-root	/var/tmp/soglia-uninstall-uninstall-20261001T092201Z-9500-interrupted-startup-pin-root-rootfs
/run/soglia-uninstall-uninstall-20261001T092201Z-9500-normal-service-stop	/sys/fs/bpf/soglia-uninstall-uninstall-20261001T092201Z-9500-normal-service-stop	/sys/fs/cgroup/system.slice/soglia-uninstall-normal-uninstall-20261001T092201Z-9500.service	/var/tmp/soglia-uninstall-uninstall-20261001T092201Z-9500-normal-service-stop-rootfs
/run/soglia-uninstall-uninstall-20261001T092201Z-9500-known-compatible	/sys/fs/bpf/soglia-uninstall-uninstall-20261001T092201Z-9500-known-compatible	/sys/fs/cgroup/soglia-uninstall-uninstall-20261001T092201Z-9500-known-compatible	/var/tmp/soglia-uninstall-uninstall-20261001T092201Z-9500-known-compatible-rootfs
/run/soglia-uninstall-uninstall-20261001T092201Z-9500-live-runtime-refusal	/sys/fs/bpf/soglia-uninstall-uninstall-20261001T092201Z-9500-live-runtime-refusal	/sys/fs/cgroup/soglia-uninstall-uninstall-20261001T092201Z-9500-live-runtime-refusal	/var/tmp/soglia-uninstall-uninstall-20261001T092201Z-9500-live-runtime-refusal-rootfs
/run/soglia-uninstall-uninstall-20261001T092201Z-9500-incompatible-refusal	/sys/fs/bpf/soglia-uninstall-uninstall-20261001T092201Z-9500-incompatible-refusal	/sys/fs/cgroup/soglia-uninstall-uninstall-20261001T092201Z-9500-incompatible-refusal	/var/tmp/soglia-uninstall-uninstall-20261001T092201Z-9500-incompatible-refusal-rootfs
/run/soglia-uninstall-uninstall-20261001T092201Z-9500-unknown-refusal	/sys/fs/bpf/soglia-uninstall-uninstall-20261001T092201Z-9500-unknown-refusal	/sys/fs/cgroup/soglia-uninstall-uninstall-20261001T092201Z-9500-unknown-refusal	/var/tmp/soglia-uninstall-uninstall-20261001T092201Z-9500-unknown-refusal-rootfs
/run/soglia-uninstall-uninstall-20261001T092201Z-9500-unsupported-refusal	/sys/fs/bpf/soglia-uninstall-uninstall-20261001T092201Z-9500-unsupported-refusal	/sys/fs/cgroup/soglia-uninstall-uninstall-20261001T092201Z-9500-unsupported-refusal	/var/tmp/soglia-uninstall-uninstall-20261001T092201Z-9500-unsupported-refusal-rootfs
/run/soglia-uninstall-uninstall-20261001T092201Z-9500-nonempty-refusal	/sys/fs/bpf/soglia-uninstall-uninstall-20261001T092201Z-9500-nonempty-refusal	/sys/fs/cgroup/soglia-uninstall-uninstall-20261001T092201Z-9500-nonempty-refusal	/var/tmp/soglia-uninstall-uninstall-20261001T092201Z-9500-nonempty-refusal-rootfs
/run/soglia-uninstall-uninstall-20261001T092201Z-9500-interrupted-resume	/sys/fs/bpf/soglia-uninstall-uninstall-20261001T092201Z-9500-interrupted-resume	/sys/fs/cgroup/soglia-uninstall-uninstall-20261001T092201Z-9500-interrupted-resume	/var/tmp/soglia-uninstall-uninstall-20261001T092201Z-9500-interrupted-resume-rootfs
/run/soglia-uninstall-uninstall-20261001T092201Z-9500-target-released	/sys/fs/bpf/soglia-uninstall-uninstall-20261001T092201Z-9500-target-released	/sys/fs/cgroup/soglia-uninstall-uninstall-20261001T092201Z-9500-target-released	/var/tmp/soglia-uninstall-uninstall-20261001T092201Z-9500-target-released-rootfs
